strain,acc,gene,seq
AAA_6.re.fa,AAA_6-10105,KHS,ATCGTAATCCCAAATAATGTATGTAGAATAGAAAAAAATATATGAAAAAATGAATAGATCATACACAGACGACATGAATAGCAGCCCTCCAAATTACTTGACAACAAGGACGTTTAGAATCGTTAGATTGTTTGCAATAATTTTTGCACTGCTTTTGGTAGCGTACTCATTATTTTTAAGCACACTTAGAACTGGAGCTATACCTGACCACGCCAACACTGCTGCTCTAGTACGGCGAGCTAGGTGATCATTTGCGACTGGATTAGGACTAGGAGGATTTTTAATTGCTGCAGCCGCTTATGCTACTCCTTACTGGGTCGCAGCAACCTGTATCGCATCCACTAGCGGAATATGTTCACCTATAGCTGGTGCTGTTTTAGCAACGTCAGCAGTTATAGTTGCAGCAGTTTTAGTGGGAAAGAGTTCTGGCTCAGCAACAAAGCGAGGGTTAAGTGAGACTATTAGTGTACTGAATCATACTATAACATTCACTGATCATGTGCTCAATGGGCAAACATTGTCTAATGGTACTGGTAGTAATTTTGTTACAATAGAGTTTAGTGGGTATGCAGTACATGACACTATTAAACGTGACGGTGCTGCTGAGATCAACTTTGTGAGGTATACTACGGAGCATGGAACCCACATCAGCACGAGTAGCGTACATAATGTGAGCATGCTCATCGATCAAATCGTGGCAGTGGTACCAGGGGTACCTGATATAAGTGGCAACGCTTCGGCCCTATCGTTACAGAGACACAGTCAAGAGTTCGCCACCTCATGGATATCAATGACATATAGTCAGAGTTATGGTGATCTGGCACAGAACTGGCAGAATGACGAAGGTGGAGCAGGAAATTTTGATTCTTATGCTGAAGAGAAGTTACAGAATTTCTTTTCAGGTAATAGGGATTGGAAATACTGCTTTGCTGCTGAGGACACGAAGAACGGTGAGCCACTTGATTACGATGACATACCTGGTGACGGTGCAGGCACGGGTTCGGCATTCAAGTCTGAGATATATTTTAACACTTACGGTGGTATAGATAATTATTGTAATGACGAGCATATCGGTGCTCAGAACACTGGAGATGGTCGATAAAGCTTTACGCCTGTCGGTGAATTGACTGACCCGAAATTAATAACTGTTGA
AAB_6.re.fa,AAB_6-11777,KHS,TATCGTAATCCCAAATAATGTATGTAGAATAGAAAAAAATATATGAAAAAATGAATAGATCATACACAGACGACATGAATAGCAGCTCTCCAAATTACCTGACAACAAGGACGTTTAGAATCTTTAGATTGTTTGCAATAATTTTTGCACTGCTTTTGATAGCGTACTCTTTATTTCTGAGCACTCTAAAAACAGGCTCTATACCTGATCGTGCCAACACTGTTACTTTAATGCGCCGTGCCAGGTGGTCATTTGGGACTGGATTAGGACTAGGAGGATTTGTAATTGCTGCAGCCGCTTATGCTACTCCTTACTGGGTCGCAGCAATCTGTCTCGCAACTGCTAGCGAGGTGTGTGCACCTATAGCTGGTGCTGTTTTGGCGACAGCAGCGGTTATTGTCGCAGCAGTTTTAGTGGGAAAGAGTTCGGGCTCGGCAACAAAGCGAGGGTTAACTAAGACTATTAGCGTACTGAATCATACCATAACATTCACCGATCATATACTCAATGGTCAGACGTTGTCTAATGGTACTGGTAGTAATTTTGTTACAATAGGATTCAGCGGGTATGCAGTACATGACACTATCAAACGTGACAGCACTACTGATATCAATTTCGTGGGATATACCACAGAGCATGGAACCCACATTAGCACGAGTAGCGTACATAATGTGAGCAGTCTCATCGATAAAATTGTGGCAGCGGTACCAGGGGTCCCTGATACAGGTGGTAATGCTTCTGCTCTATCGTTTCAGAAACGCAGTCAGGAGTTCGCTACCTCATGGATATCAATGACATATGATCAGAGTTATGGTGACCTTGCGCAAACGTGGCAAAATGACGAAGGCGGAGCAGGAAATTTTGATTCTTATGCGGAAGAGGAGTTACAGAATTTCTTTTCAGGTAATAGAGACTGGAAGTACTGCTTTGCTGCTGAGGACACGAAGAGTGGTGAGCCAATTGATTACGATGACATACCTGGTGACGGTCCAGGCACGGGTTCGGCATTCAAATCGGAGATATATTTCAACACTTACGGTGGTATAGATAATTATTGTAATGACGAGCATATCGGTGCTCAGAACACTGGAGATGGTCGATAAAGCTTTACGCCTGTCGGTGAATTGACTGACCCGAAATTAATAACTCGAA
AAB_6.re.fa,AAB_6-11822,KHR,TGAAAGGCCACGGAAAAAAAAATCGATACAAATGAGCACACATCATAGTCATGGGCCACTTAGCGATCCTTTTCAGTATTATCGCTGTATGGAATATAGCTACAGCTGTTGCATCGAGCGACAGCATTTACCTTAAGGGACACAGAGTAGGACAGGATATCGACAGTCTATACAGAGTGTACGATAATGGTACTATGTACCCTGTCACTTTCAATGAGTGGTTAAATGATCTAACTGGGATGAATGACTTGGCAACAAATAACGCGACAATATTAAAACGTGACAGTAGCGATGTTTCTTGCGTTAATGAAACATGCCAATACGTGGATTACCACGTGGATGACGAAGGAGTTATAACTATAGACATATCTACGTATCGTATCCCTGTCGAATGGGATAATGGTTCTGCAGGCAACGCATCATATGGAGTCTCAAAGCGTGATACAAAATATGAGACATTCTGTAAGAAGAAAATATGCGGTATAAACGTTTCCGGTTTCTGTAACGCGTATGACTTCGCCGTTCCTGCGTTCGACTTCGGTGGCAATGTCTACAACCTTGTTAGTGGTATCACTGATAGGATTAAAGAAGCTACGAAGAGGGATAAGACTGAATGTCTAGGTTACGAACTAGATCATGTGAGAATAGATCCTGCTGTTGATTGGTCCATATTTATTTCTACTTGGAAACAAGGGTCGGCCAATTGTGACACACAGGCATCTGCTGACAGCTTGAAATGTGCTGCCCAAAAAGCACTTGAAAGTGAACACAATCACCAAAAAACAGCTTTCTGTATTCACCTAGATAATGGTGGATCATTTAACTTAGACATTAGGCTAATATCTGAGCTTTCATTTTCGAAATATAACCCATGGGCTCTTCCATGTCCGAAGGACAAAGGCTCCAATTCTTGGCAAGTTGTGAGCGACTGTTTTCAATAAATTAAACAAATTCAAGCTCTATTACATTATCAATCTGTTGGAATAAAAT
AAC_6.re.fa,AAC_6-18699,KHR,TGAAAGGCCACGGAAAAAAAAATCGATACAAATGAGCACACATCATAGTCATGGGCCACTTAGCGATCCTTTTCAGTATTATCGCTGTATGGAATATAGCTACAGCTGTTGCATCGAGCGACAGCATTTACCTTAAGGGACACAGAGTAGGACAGGATATCGACAGTCTATACAGAGTGTACGATAATGGTACTATGTACCCTGTCACTTTCAATGAGTGGTTAAATGATCTAACTGGGATGAATGACTTGGCAACAAATAACGCGACAATATTAAAACGTGACAGTAGCGATGTTTCTTGCGTTAATGAAACATGCCAATACGTGGATTACCACGTGGATGACGAAGGAGTTATAACTATAGACATATCTACGTATCGTATCCCTGTCGAATGGGATAATGGTTCTGCAGGCAACGCATCATATGGAGTCTCAAAGCGTGATACAAAATATGAGACATTCTGTAAGAAGAAAATATGCGGTATAAACGTTTCCGGTTTCTGTAACGCGTATGACTTCGCCGTTCCTGCTTTCGACTTCGGTGGCAATGTCTACAACCTTGTTAGTGGTATCATTGATAGGATTAAAGAAGCTACGAAGAGGGATAAGACTGAATGTCTAGGTTACGAACTAGATCATGTGAGAATAGATCCTGCTGTTGATTGGTCCATATTTATTTCTACTTGGAAACAAGGGTCGGCCAATTGTGACACACAGGCATCTGCTGACAGCTTGAAATGTGCTGCCCAAAAAGCACTTGAAAGTGAACACAATCACCAAAAAACAGCTTTCTGTATTCACCTAGATAATGGTGGATCATTTAACTTAGACATTAGGCTAATATCTGAGCTTTCATTTTCGAAATATAACCCATGGGCTCTTCCATGTCCGAAGGACAAAGGCTCCAATTCTTGGCAAGTTGTGAGCGACTGTTTTCAATAAATTAAACAAATTCAAGCTCTATTACATTATCAATCTGTTGGAATAAAAT
AAC_6.re.fa,AAC_6-18717,KHS,ATCGTAATCCCAAATAATGTATGTAGAATAGAAAAAAATATATGAAAAAATGAATAGATCATACACAGACGACATGAATAGCAGCCCTCCAAATTACTTGACAACAAGGACGTTTAGAATCGTTAGATTGTTTGCAATAATTTTTGCACTGCTTTTGGTAGCGTACTCATTATTTTTAAGCACACTTAGAACTGGAGCTATACCTGACCACGTCAACACTGCTGCTCTAGTACGGCGAGCTAGGTGATCATTTGCGACTGGATTAGGACTAGGAGGATTTTTAATTGCTGCAGCCGCTTATGCTACTCCTTACTGGGTCGCAGCAACCTGTATCGCATCCACTAGCGGAATATGTTCACCTATAGCTGGTGCTGTTTTAGCAACGTCAGCAGTTATAGTTGCAGCAGTTTTAGTGGGAAAGAGTTCTGGCTCAGCAACAAAGCGAGGGTTAAGTGAGACTATTAGTGTACTGAATCATACTATAACATTCACTGATCATGTGCTCAATGGGCAAACATTGTCTAATGGTACTGGTAGTAATTTTGTTACAATAGAGTTTAGTGGGTATGCAGTACATGACACTATTAAACGTGGCGGTGCTGCTGAGATCAACTTTGTGGGGTATACTACGGAGCATGGAACCCACATCAGCACGAGTAGCGTACATAATGTGAGCATGCTCATCGATCAAATCGTGGCAGTGGTACCAGGGGTACCTGATATAAGTGGCAACGCTTCGGCCCTATCGTTACAGAGACGCAGTCAAGAGTTCGCCACCTCATGGATATCAATGACATATAGTCAGAGTTATGGTGATCTGGCACAGAACTGGCAGAATGACGAAGGTGGAGCAGGAAATTTTGATTCTTATGCTGAAGAGAAGTTACAGAATTTCTTTTCAGGTAATAGGGATTGGAAATACTGCTTTGCTGCTGAGGACACGAAGAACGGTGAGCCACTTGATTACGATGACATACCTGGTGACGGTGCAGGCACGGGTTCGGCATTCAAGTCTGAGATATATTTTAACACTTACGGTGGTATAGATAATTATTGTAATGACGAGCATATCGGTGCTCAGAACACTGGAGATGGTCGATAAAGCTTTACGCCTGTCGGTGAATTGACTGACCCGAAATTAATAACTGTTGA
AAD_6.re.fa,AAD_6-5651,KHS,ATCGTAATCCCAAATAATGTATGTAGAATAGAAAAAAATATATGAAAAAATGAATAGATCATACACAGACGACATGAATAGCAGCCCTCCAAATTACTTGACAACAAGGACGTTTAGAATCGTTAGATTGTTTGCAATAATTTTTGCACTGCTTTTGGTAGCGTACTCATTATTTTTAAGCACACTTAGAACTGGAGCTATACCTGACCGCGCCAACACTGCTGCTCTAGTACGGCGAGCTAGGTGATCATTTGCGACTGGATTAGGACTAGGAGGATTTTTAATTGCTGCAGCCGCTTATGCTACTCCTTACTGGGTCGCAGCAACCTGTATCGCATCCACTAGCGGAATATGTTCACCTATAGCTGGTGCTGTTTTAGCAACTTCAGCAGTTATAGTTGCAGCAGTTTTAGTGGGAAAGAGTTCTGGCTCAGCAACAAAGCGAGGGTTAAGTGAGACTATTAATGTACTGAATCATACTATAACACTCACTGATCATGTGCTCAATGGGCAAACATTGTCTAATGGTACTGGTAGTAATTTTGTTACAATAGAGTTTAGTGGGTATGCAGTACATGACACTATTAAACGTGACGGTGCTGCTGAGATCAACTTTGTGGGGTATACTACGGAGCATGGAACCCACATCAGCACGAGTAGCGTACATAATGTGAGCATGCTCATCGATCAAATCGTGGCAGCGGTACCAGGGGTACCTGATATAAGTGGCAACGCTTCGGCCCTATCGTTACAGAGACGCAGTCAAGAGTTCGCCACCTCATGGATATCAATGACATATAGTCAGAGTTATGGTGATCTGGCACAGAACTGGCAGAATGACGAAGGTGGAGCAGGAAATTTTGATTCTTATGCTGAAGAGAAGTTACAGAATTTCTTTTCAGGTAATAGGGATTGGAAATACTGCTTTGCTGCTGAGGACACGAAAAACGGTGAGCCACTTGATTACGATGACATACCTGGTGACGGTGCAGGCACGGGTTCGGCATTCAAGTCTGAGATATATTTTAACACTTACGGTGGTATAGATAATTATTGTAATGACGAGCATATCGGTGCTCAGAACACTGGAGATGGTCGATAAAGCTTTACGCCTGTCGCTGAATTGACTGACCCGAAATTAAGAACTGTTGA
AAD_6.re.fa,AAD_6-5666,KHR,GAAAGGCCACGGAAAAAAAAATCGATACAAATAAGCACACATCATAGTCATGGGCCACTTAGCGATCCTTTTCAGTATTATCGCTGTATGGAATATAGCTACAGCTGTTGCATCGAGCGACAGCATTTACCTTAAGGGACACAGAGTAGGACAGGATATCGACAGTCTATACAGAGTGTACGATAATGGTACTATGTACCCTGTCACTTTCAATGAGTGGTTAAATGATCTAACTGGGATGAATGACTTGGCAACAAATAACGCGACAATATTAAAACGTGACAGTAGCGATGTTTCTTGCGTTAATGAAACATGCCAATACGTGGATTACCACGTGGATGACGAAGGAGTTATAACTATAGACATATCTACGTATCGTATCCCTGTCGAATGGGATAATGGTTCTGCAGGCAACGCATCATATGGAGTCTCAAAGCGTGATACAAAATATGAGACATTCTGTAAGAAGAAAATATGCGGTATAAACGTTTCCGGTTTCTGTAACGCGTATGACTTCGCCGTTCCTGCTTTCGACTTCGGTGGCAATGTCTACAGCCTTGCTAGTGATATCATTGATAGGATTAAAGGCGCTACGAAGAGGGATAAGACCGAATGTCTACGTTACGAACTAGATCATGTGAGAATAGATCCTGCTGTTGATTGGTCTATATTTATTTCTACTTGGAAGCAAGGGCCGGCCAATTATGACACACAGGCATCTGCTGACAGCTTGAAATGTGCTGCCCAAAAAGCGCTTGAAAGTGAACACAATCACCAAAAAACAGCTTTCTGTATTCACCTAGATAATGGTGGATCGTTTAACTTAGACATTAGGCTAATATCTGAGCTTTCATTTTCGAAATATAACCCATGGGCTCTTCCATGTCCGAAGGACAAAGACTCAAATTCTTGGCAGGTTGTGAGCGACTGTTTTCAATAAATTAAACAAATTCAAGCTCTATTACATTATCAATCTGTTGGAATAAAAAT
AAE_6.re.fa,AAE_6-6655,KHS,ATCGTAATCCCAAATAATGTATGTAGAATAGAAAAAAATATATGAAAAAATGAATAAATCATACACAGACGACATGAATAGCAGCCCTCCAAATTACTTGACAACAAGGACGTTTAGAATCGTTAGATTGTTTGCAATAATTTTTGCACTGCTTTTGGTAGCGTACTCATTATTTTTAAGCACACTTAGAACTGGAGCTATACCTGACCACGCCAACACTGCTGCTCTAGTACGGCGAGCTAGGTGATCATTTGCGACTGGATTAGGACTAGGAGGATTTTTAATTGCTGCAGCCGCTTATGCTACTCCTTACTGGGTCGCAGCAACCTGTATCGCATCCACTAGCGGAATATGTTCACCTATAGCTGGTGCTGTTTTAGCAACGTCAGCAGTTATAGTTGCAGCAGTTTTAGTGGGAAAGAGTTCTGGCTCAGCAACAAAGCGAGGGTTAAGTGAGACTATTAGTGTACTGAATCATACTATAACATTCACTGATCATGTGCTCAATGGGCAAACATTGTCTAATGGTACTGGTAGTAATTTTGTTACAATAGAGTTTAGTGGGTATGCAGTACATGACACTATTAAACGTGACGGTGCTGCTGAGATCAACTTTGTGAGGTATACTACGGAGCATGGAACCCACATCAGCACGAGTAGCGTACATAATGTGAGCATGCTCATCGATCAAATCGTGGCAGTGGTACCAGGGGTACCTGATATAAGTGGCAACGCTTCGGCCCTATCGTTACAGAGACGCAGTCAAGAGTTCGCCACCTCATGGATATCAATGACATATAGTCAGAGTTATGGTGATCTGGCACAGAACTGGCAGAATGACGAAGGTGGAGCAGGAAATTTTGATTCTTATGCTGAAGAGAAGTTACAGAATTTCTTTTCAGGTAATAGGGATTGGAAATACTGCTTTGCTGCTGAGGACACGAAGAACGGTGAGCCACTTGATTACGATGACATACCTGGTGACGGTGCAGGCACGGGTTCGGCATTCAAGTCTGAGATATATTTTAACACTTACGGTGGTATAGATAATTATTGTAATGACGAGCATATCGGTGCTCAGAACACTGGAGATGGTCGATAAAGCTTTACGCCTGTCGGTGAATTGACTGACCCGAAATTAATAACTGTTGA
AAE_6.re.fa,AAE_6-6680,KHR,TGAAAGGCCACGAAAAAAAAAATCGATACAAATGAGCACACATCATAGTCATGGGCCACTTAGCGATCCTTTTCAGTATTATCGCTGTATGGAATATAGCTACAGCTGTTGCATCGAGCGACAGCATTTACCTTAAGGGACACAGAGTAGGACAGGATATCGACAGTCTATACAGAGTGTACGATAATGGTACTATGTACCCTGTCACTTTCAATGAGTGGTTAAATGATCTAACTGGGATGAATGACTTGGCAACAAATAACGCGACAATATTAAAACGTGACAGTAGCGATGTTTCTTGCGTTAATGAAACATGCCAATACGTGGATTACCACGTGGATGACGAAGGAGTTATAACTATAGACATATCTACGTATCGTATCCCTGTCGAATGGGATAATGGTTCTGCAGGCAACGCATCATATGGAGTCTCAAAGCGTGATACAAAATATGAGACATTCTGTAAGAAGAAAATATGCGGTATAAACGTTTCCGGTTTCTGTAACGCGTATGACTTCGCCGTTCCTGCTTTCGACTTCGGTGGCAATGTCTACAACCTTGTTAGTGGTATCACTGATAGGATTAAAGAAGCTACGAAGAGGGATAAGACTGAATGTCTAGGTTACGAACTAGATCATGTGAGAATAGATCCTGCTGTTGATTGGTCCATATTTATTTCTACTTGGAAACAAGGGTCGGCCAATTGTGACACACAGGCATCTGCTGACAGCTTGAAATGTGCTGCCCAAAAAGCACTTGAAAGTGAACACAATCACCAAAAAACAGCTTTCTGTATTCACCTAGATAATGGTGGATCATTTAACTTAGACATTAGGCTAATATCTGAGCTTTCATTTTCGAAATATAACCCATGGGCTCTTCCATGTCCGAAGGACAAAGGCTCCAATTCTTGGCAAGTTCTGAGCGACTGTTTTCAATAAATTAAACAAATTCAAGCTCTATTACATTATCAATCTGTTGGAATAAAAT
AAG_6.re.fa,AAG_6-7237,KHR,TGAAATGCCACGGAAAAAAAAATCGATACAAATAAGCACACATCATGGTCATGGGCCACTTAGCCGGATCCTTTTCGGTATTATCGCTGTATGGAATATAGCTACAGCTATTGCATCGAGCGACAGCATTTACCTTAAGGGACACAGAGTAGGACAGGATATCGACAGTCTATACAGAGTGTATGGTAATGGTACTATGTACCCCGTCACTTTCAATGAGTGGTTAAATAATCTAGCTGGGATGAATGACTCGGCAACAAATAACGCAACAATATTAAAATATGACAGTAGCGATGTTTCTTGCGTTAATGAAACATGCCAATACGTAGATTACCACGTGGATGACGAAGGAGTTATAACTATAGACATATCTACGTATCATATCCCTGTCAAATGGGATAATGATTCTGCAAGCAACGCATCATATGGAGTTTCAAAGTGTGATACAAAATATGAGACATTCTTTAAGAAGAAAATATGCGGTATAAACGTTTCCGGTTTCTGTAACGCGTATGACTTCGCCCTTCTTGCTTTCGACTTTGGTGGCAATGTCTACAGCCTTGCTAGTGGTATCATTGATAGGATTAAAGGCGCTACGAAGAGGGATAAGACTGAATGTCTAGGTTACGAACTAGATCATGTGAGAATAGATCCTGCTGTTGATTGGTCTATATTTATTTCTACTTGGAAGCAAGGGCCGGCCAATTATGACACACAGGCATCTGCTGACAGCTTGAAATGTGCTGCCCAAAAAGCGCTTGAAAGTAAACACAATCACCAAAAAACGGCTTTCTGTATTCACCTAGATAATGGTGGATCGTTTAACTTAGACATTAGGCTAATATCTGAGCTTTCATTTTCGAAATATAACCCATGGGCTCTTCCATGTCAGAAGGACAAACACTCAAATTCTTGGCAGGTTGTGAGCGACTGTTTTCAATAAATTAAACAAATTCAAGCTCTATTACATTATCAATCTGTCGGAATAAAAA
AAG_6.re.fa,AAG_6-7289,KHS,ATCGTAATCCCAAATAATGTATGTAGAATAGAAAAAAATATATGAAAAAATGAATAGATCATACACAGACGACATGAATAGCAGCCCTCCAAATTACTTGACAACAAGGACGTTTAGAATCGTTAGATTGTTTGCAATAATTTTTGCACTGCTTTTGGTAGCGTACTCATTATTTTTAAGCACACTTAGAACTGGAGCTATACCTGACCGCGCCAACACTGCTGCTCTAGTACGGCGAGCTAGGTAATCATTTGCGACTGGATTAGGACTAGGAGGATTTTTAATTGCTGCAGCCGCTTATGCTACTCCTTACTGGGTCGCAGCAACCTGTATCGCATCCACTAGCGGAATATGTTCACCTATAGCTGGTGCTGTTTTAGCAACGTCAGCAGTTATAGTTGCAGCAGTTTTAGTGGGAAAGAGTTCTGGCTCAGCAACAAAGCGAGGGTTAAGTGAGACTATTAGTGTACTGAATCATACTATAACATTCACTGATCATGTGCTCAATGGGCAAACATTGTCTAATGGTACTGGTAGTAATTTTGTTACAATAGAGTTTAGTGGGTATGCAGTACATGACACTATTAAACGTGACGGTGCTGCTGAGATCAACTTTGTGGGGTATACTACGGAGCATGGAACCCACATCAGCACGAGTAGCGTACATAATGTGAGCATGCTCATCGATCAAATCGTGGCAGCGGTACCAGGGGTACCTGATATAAGTGGCAACGCTTCGGCCCTATCGTTACAGAGACGCAGTCAAGAGTTCGCCACCTCATGGATATCAATGAGATATATTCAGAGTTATGGTGATCTGGCACAGAACTGGCAGAATGACGAAGGTGGAGCAGGAAATTTTGATTCTTATGCTGAAGAGAAGTTACAGAGTTTCTTTTCAGGTAATAGGGATTGGAAATACTGCTTTGCTGCTGAGGACACGAAGAACGGTGAGCCACTTGATTACGATGACATACCTGGTGACGGTGCAGGCACGGGTTCGGCATTCAAGTCTGAGATATATTTTTACACTTACGGTGGTATAGATAATTATTGTAATGACGAGCATATCGGTGCTCAGAACACTGGTGATGGTCGATAAAGCTTTACGCCTATCGGTGAATTGACTGACCCGAAATTAATAACTGTTGA
AAH_6.re.fa,AAH_6-5346,KHS,TATCGTAATCCCAAATAATGTATGTAGAATAGAAAAAAATATATGAAAAAATGAATAGATCATACACAGACGACATGAATAGCAGCTCTCCAAATTACCTGACAACAAGGACGTTTAGAATCTTTAGATTGTTTGCAATAATTTTTGCACTGCTTTTGATAGCGTACTCTTTATTTCTGAGCACTCTAAAAACAGGCTCTATACCTGATCGTGCCAACACTGTTACTTTAATGCGCCGTGCCAGGTGGTCATTTGGGACTGGATTAGGACTAGGAGGATTTGTAATTGCTGCAGCCGCTTATGCTACTCCTTACTGGGTCGCAGCAATCTGTCTCGCAACTGCTAGCGAGGTGTGTGCACCTATAGCTGGTGCTGTTTTGGCGACAGCAGCGGTTATTGTCGCAGCAGTTTTAGTGGGAAAGAGTTCGGGCTCGGCAACAAAGCGAGGGTTAACTAAGACTATTAGCGTACTGAATCATACCATAACATTCACCGATCATATACTCAATGGTCAGACGTTGTCTAATGGTACTGGTAGTAATTTTGTTACAATAGGATTCAGCGGGTATGCAGTACATGACACTATCAAACGTGACAGCACTACTGATATCAATTTCGTGGGATATACCACAGAGCATGGAACCCACATTAGCACGAGTAGCGTACATAATGTGAGCAGTCTCATCGATAAAATTGTGGCAGCGGTACCAGGGGTCCCTGATACAGGTGGTAATGCTTCTGCTCTATCGTTTCAGAAACGCAGTCAGGAGTTCGCTACCTCATGGATATCAATGACATATGATCAGAGTTATGGTGACCTTGCGCAAACGTGGCAAAATGACGAAGGCGGAGCAGGAAATTTTGATTCTTATGCGGAAGAGGAGTTACAGAATTTCTTTTCAGGTAATAGAGACTGGAAGTACTGCTTTGCTGCTGAGGACACGAAGAGTGGTGAGCCAATTGATTACGATGACATACCTGGTGACGGTCCAGGCACGGGTTCGGCATTCAAATCGGAGATATATTTCAACACTTACGGTGGTATAGATAATTATTGTAATGACGAGCATATCGGTGCTCAGAACACTGGAGATGGTCGATAAAGCTTTACGCCTGTCGGTGAATTGACTGACCCGAAATTAATAACTCGAA
AAH_6.re.fa,AAH_6-5554,KHR,TGAAAGGCCACGGAAAAAAAAATCGATACAAATAAGCACACATCATAGTCATGGGCCACTTAGCGATCCTTTTCAGTATTATCGCTGTATGGAATATAGCTACAGCTGTTGCATCGAGCGACAGCATTTACCTTAAGGGACACAGAGTAGGACAGGATATCGACAGTCTATACAGAGTGTACGATAATGGTACTATGTACCCTGTCACTTTCAATGAGTGGTTAAATGATCTAACTGGGATGAATGACTTGGCAACAAATAACGCGACAATATTAAAACGTGACAGTAGCGATGTTTCTTGCGTTAATGAAACATGCCAATACGTGGATTACCACGTGGATGACGAAGGAGTTATAACTATAGACATATCTACGTATCGTATCCCTGTCGAATGGGATAATGGTTCTGCAGGCAACGCATCATATGGAGTCTCAAAGCGTGATACAAAATATGAGACATTCTGTAAGAAGAAAATATGCGGTATAAACGTTTCCGGTTTCTGTAACGCGTATGACTTCGCCGTTCCTGCTTTCGACTTCGGTGGCAATGTCTACAGCCTTGCTAGTGATATCATTGATAGGATTAAAGAAGCTACGAAGAGGGATAAGACTGAATGTCTAGGTTACGAACTAGATCATGTGAGAATAGATCCTGCTGTTGATTGGTCCATATTTATTTCTACTTGGAAACAAGGGTCGGCCAATTGTGACACACAGGCATCTGCTGACAGCTTGAAATGTGCTGCCCAAAAAGCACTTGAAAGTGAACACAATCACCAAAAAACAGCTTTCTGTATTCACCTAGATAATGGTGGATCATTTAACTTAGACATTAGGCTAATATCTGAGCTTTCATTTTCGAAATATAACCCATGGGCTCTTCCATGTCCGAAGGACAAAGGCTCCAATTCTTGGCAAGTTGTGAGCGACTGTTTTCAATAAATTAAACAAATTCAAGCTCTATTACATTATCAATCTGTTGGAATAAAAT
AAI_6.re.fa,AAI_6-8813,KHR,GAAAGGCCACGGAAAAAAAAATCGATACAAATGAGCACACATCATAGTCATGGGTCACTTAGCGATCCTTTTCAGTATTATCGCTGTATGGAATATAGCTACAGCTGTTGCATCGAGCGACAGCATTTACCTTAAGGGACACAGAGTAGGACAGGATATCGACAGTCTATACAGAGTGTACGATAATGGTACTATGTACCCTGTCACTTTCAATGAGTGGTTAAATGATCTAACTGGGATGGATGACTTGGCAACAAATAACGCGACAATATTAAAACGTGACAGTAGCGATGTTTCTTGCGTTAATGAAACATGCCAATACGTGGATTACCACGTGGATGACGAAGGAGTTATAACTATAGACATATCTACGTATCGTATCCCTGTCGAATGGGATAATGGTTCTGCAGGCAACGCATCATATGGAGTCTCAAAGCGTGATACAAAATATGAGACATTCTGTAAGAAGAAAATATGCGGTATAAACATTTCCGGTTTCTGTAACGCGTATGACTTCGCCGTTCCTGCTTTCGACTTCGGTGGCAATGTCTACAACCTTGTTAGTGGTATCACTGATAGGATTAAAGAAGCTACGAAGAGGGATAAGACTGAATGTCTAGGTTACGAACTAGATCATGTGAGAATAGATCCTGCTGTTGATTGGTCCATATTTATTTCTACTTGGAAACAAGGGTCGGCCAATTGTGACACACAGGCATCTGCTGACAGCTTGAAATGTGCTGCCCAAAAAGCACTTGAAAGTGAACACAATCACCAAAAAACAGCTTTCTGTATTCACCTAGATAATGGTGGATCATTTAACTTAGACATTAGGCTAATATCTGAGCTTTCATTTTCGAAATATAACCCATGGGCTCTTCCATGTCCGAAGGACAAAGGCTCCAATTCTTGGCAAGTTGTGAGCGACTGTTTTCAATAAATTAAACAAATTCAAGCTCTATTACATTATCAATCTGTTGGAATAAAATT
AAI_6.re.fa,AAI_6-8814,KHS,TATCGTAATCCCAAATAATGTATGTAGAATAGAAAAAAATATATGAAAAAATGAATAGATCATACACAGACGACATGAATAGCAGCTCTCCAAATTACCTGACAACAAGGACGTTTAGAATCTTTAGATTGTTTGCAATAATTTTTGCACTGCTTTTGATAGCGTACTCTTTATTTCTGAGCACTCTAAAAACAGGCTCTATACCTGATCGTGCCAACACTGTTACTTTAATGCGCCGTGCCAGGTGGTCATTTGGGACTGGATTAGGACTAGGAGGATTTGTAATTGCTGCAGCCGCTTATGCTACTCCTTACTGGGTCGCAGCAATCTGTCTCGCAACTGCTAGCGAGGTGTGTGCACCTATAGCTGGTGCTGTTTTGGCGACAGCAGCGGTTATTGTCGCAGCAGTTTTAGTGGGAAAGAGTTCGGGCTCGGCAACAAAGCGAGGGTTAACTAAGACTATTAGCGTACTGAATCATACCATAACATTCACCGATCATATACTCAATGGTCAGACGTTGTCTAATGGTACTGGTAGTAATTTTGTTACAATAGGATTCAGCGGGTATGCAGTACATGACACTATCAAACGTGACAGCACTACTGATATCAATTTCGTGGGATATACCACAGAGCATGGAACCCACATTAGCACGAGTAGCGTACATAATGTGAGCAGTCTCATCGATAAAATTGTGGCAGCGGTACCAGGGGTCCCTGATACAGGTGGTAATGCTTCTGCTCTATCGTTTCAGAAACGCAGTCAGGAGTTCGCTACCTCATGGATATCAATGACATATGATCAGAGTTATGGTGACCTTGCGCAAACGTGGCAAAATGACGAAGGCGGAGCAGGAAATTTTGATTCTTATGCGGAAGAGGAGTTACAGAATTTCTTTTCAGGTAATAGAGACTGGAAGTACTGCTTTGCTGCTGAGGACACGAAGAGTGGTGAGCCAATTGATTACGATGACATACCTGGTGACGGTCCAGGCACGGGTTCGGCATTCAAATCGGAGATATATTTCAACACTTACGGTGGTATAGATAATTATTGTAATGACGAGCATATCGGTGCTCAGAACACTGGAGATGGTCGATAAAGCTTTACGCCTGTCGGTGAATTGACTGACCCGAAATTAATAACTCGAA
AAK_6.re.fa,AAK_6-5401,KHS,ATCGTAATCCCAAATAATGTATGTAGAATAGAAAAAAATATATGAAAAAATGAATAGATCATACACAGACGACATGAATAGCAGCTCTCCAAATTACCTGACAACAAGGACGTTTAGAATCTTTAGATTGTTTGCAATAATTTTTGCACTGCTTTTGATAGCGTACTCTTTATTTCTGAGCACTCTAAAAACAGGCTCTATACCTGATCGTGCCAACACTGTTACTTTAATGCGCCGTGCCAGGTGGTCATTTGGGACTGGATTAGGACTAGGAGGATTTGTAATTGCTGCAGCCGCTTATGCTACTCCTTACTGGGTCGCAGCAATCTGTCTCGCAACTGCTAGCGAGGTGTGTGCACCTATAGCTGGTGCTGTTTTGGCGACAGCAGCGGTTATTGTCGCAGCAGTTTTAGTGGGAAAGAGTTCGGGCTCGGCAACAAAGCGAGGGTTAACTAAGACTATTAGCGTACTGAATCATACCATAACATTCACCGATCATATACTCAATGGTCAGACGTTGTCTAATGGTACTGGTAGTAATTTTGTTACAATAGGATTCAGCGGGTATGCAGTACATGACACTATCAAACGTGACAGCACTACTGATATCAATTTCGTGGGATATACCACAGAGCATGGAACCCACATTAGCACGAGTAGCGTACATAATGTGAGCAGTCTCATCGATAAAATTGTGGCAGCGGTACCAGGGGTCCCTGATACAGGTGGTAATGCTTCTGCTCTATCGTTTCAGAAACGCAGTCAGGAGTTCGCTACCTCATGGATATCAATGACATATGATCAGAGTTATGGTGACCTTGCGCAAACGTGGCAAAATGACGAAGGCGGAGCAGGAAATTTTGATTCTTATGCGGAAGAGGAGTTACAGAATTTCTTTTCAGGTAATAGAGACTGGAAGTACTGCTTTGCTGCTGAGGACACGAAGAGTGGTGAGCCAATTGATTACGATGACATACCTGGTGACGGTCCAGGCACGGGTTCGGCATTCAAATCGGAGATATATTTCAACACTTACGGTGGTATAGATAATTATTGTAATGACGAGCATATCGGTGCTCAGAACACTGGAGATGGTCGATAAAGCTTTACGCCTGTCGGTGAATTGACTGACCCGAAATTAATAACTCGAAT
AAL_3.re.fa,AAL_3-22297,KHS,TATCGTAATCCCAAATAATGTATGTAGAATAGAAAAAAATATATGAAAAAATGAATAGATCATACACAGACGACATGAATAGCAGCTCTCCAAATTACCTGACAACAAGGACGTTTAGAATCTTTAGATTGTTTGCAATAATTTTTGCACTGCTTTTGATAGCGTACTCTTTATTTCTGAGCACTCTAAAAACAGGCTCTATACCTGATCGTGCCAACACTGTTACTTTAATGCGCCGTGCCAGGTGGTCATTTGGGACTGGATTAGGACTAGGAGGATTTGTAATTGCTGCAGCCGCTTATGCTACTCCTTACTGGGTCGCAGCAATCTGTCTCGCAACTGCTAGCGAGGTGTGTGCACCTATAGCTGGTGCTGTTTTGGCGACAGCAGCGGTTATTGTCGCAGCAGTTTTAGTGGGAAAGAGTTCGGGCTCGGCAACAAAGCGAGGGTTAACTAAGACTATTAGCGTACTGAATCATACCATAACATTCACCGATCATATACTCAATGGTCAGACGTTGTCTAATGGTACTGGTAGTAATTTTGTTACAATAGGATTCAGCGGGTATGCAGTACATGACACTATCAAACGTGACAGCACTACTGATATCAATTTCGTGGGATATACCACAGAGCATGGAACCCACATTAGCACGAGTAGCGTACATAATGTGAGCAGTCTCATCGATAAAATTGTGGCAGCGGTACCAGGGGTCCCTGATACAGGTGGTAATGCTTCTGCTCTATCGTTTCAGAAACGCAGTCAGGAGTTCGCTACCTCATGGATATCAATGACATATGATCAGAGTTATGGTGACCTTGCGCAAACGTGGCAAAATGACGAAGGCGGAGCAGGAAATTTTGATTCTTATGCGGAAGAGGAGTTACAGAATTTCTTTTCAGGTAATAGAGACTGGAAGTACTGCTTTGCTGCTGAGGACACGAAGAGTGGTGAGCCAATTGATTACGATGACATACCTGGTGACGGTCCAGGCACGGGTTCGGCATTCAAATCGGAGATATATTTCAACACTTACGGTGGTATAGATAATTATTGTAATGACGAGCATATCGGTGCTCAGAACACTGGAGATGGTCGATAAAGCTTTACGCCTGTCGGTGAATTGACTGACCCGAAATTAATAACTCGAA
AAL_3.re.fa,AAL_3-22661,KHS,ATCGTAATCCCAAATAATGTATGTAGAATAGAAAAAAATATATGAAAAAATGAATAGATCATACACAGACGACATGAATAGCAGCTCTCCAAATTACCTGACAACAAGGACGTTTAGAATCTTTAGATTGTTTGCAATAATTTTTGCACTGCTTTTGATAGCGTACTCTTTATTTCTGAGCACTCTAAAAACAGGCTCTATACCTGATCGTGCCAACACTGTTACTTTAATGCGCCGTGCCAGGTGGTCATTTGGGACTGGATTAGGACTAGGAGGATTTGTAATTGCTGCAGCCGCTTATGCTACTCCTTACTGGGTCGCAGCAATCTGT
AAL_3.re.fa,AAL_3-22684,KHS,ATCGTAATCCCAAATAATGTATGTAGAATAGAAAAAAATATATGAAAAAATGAATAGATCATACACAGACGACATGAATAGCAGCTCTCCAAATTACCTGACAACAAGGACGTTTAGAATCTTTAGATTGTTTGCAATAATTTTTGCACTGCTTTTGATAGCGTACTCTTTATTTCTGAGCACTCTAAAAACAGGCTCTATACCTGATCGTGCCAACACTGTTACTTTAATGCGCCGTGCCAGGTGGTCATTTGGGACTGGATTAGGACTAGGAGGATTTGTAATTGCTGCAGCCGCTTATGCTACTCCTTACTGGGTCGCAGCAATCTGTATCGCATCCACTGGCGGAGTATGTTCACCTATAGCTGGTGCTGTTTTAGCAACGTCAGCAGTTATAGTTGCAGCAGTCTTAGTGGGAAAGAGTTCTGGCTCAGCAACAAAGCGAGGGTTAAGTAAGACTATTAGTGTACTGAATCATACTATAACATTCACTGATCATGTACTCAATGGGCAGACATTGTCTAATGGTACCAGTAGTAATTTTGTTACAATAGGGTTTAGTGGGTATGCAGTACATGACACCATCAAACGTGACGGTGCTGCTGAGCTCAACTTTGTGGGGTATACTACGGAGCATGGAACCCACATCAGCACGAGTAGCGTACATAATGTGAGCATGCTCATCGATCAAATCGTGGCAGCGGTACCAGGAGTACCTGATATAGGTGGCAACGCTTCGGCCCTATCGTTACAAAGACGCAGTCAAGAGTTCGCTACCTCATGGATATCAATGACATATGATCAGAGTTATGGTGATCTGGCACAGAACTGGCAAAATGACGAAGGTGGAGCAGGAAATTTTGATTCTTATGCTGAAGAGGAGTTACAGAATTTCTTTTCAGGTAATAGGGATTGGAAATACTGCTTTGCTGCTGAGGACACGAAAAACGGTGAGCCACTTGATTACGATGACATACCTGGTGACGGTGCAGGCACGGGTTCGGCATTCAAGTCTGAGATATATTTTAACACTTACGGTGGTATAGATAATTATTGTAATGACGAGCATATCGGTGCTCAGAACACTGGGGATGGTCGATAAAGCTTTACGCCTGTCGCTGAATTGACTGACCCGAAATTAAGAACTGTTGA
AAM_3.re.fa,AAM_3-7331,KHS,TATCGTAATCCCAAATAATGTATGTAGAATAGAAAAAAATATATGAAAAAATGAATAGATCATACACAGACGACATGAATAGCAGCTCTCCAAATTACCTGACAACAAGGACGTTTAGAATCTTTAGATTGTTTGCAATAATTTTTGCACTGCTTTTGATAGCGTACTCTTTATTTCTGAGCACTCTAAAAACAGGCTCTATACCTGATCGTGCCAACACTGTTACTTTAATGCGCCGTGCCAGGTGGTCATTTGGGACTGGATTAGGACTAGGAGGATTTGTAATTGCTGCAGCCGCTTATGCTACTCCTTACTGGGTCGCAGCAATCTGTCTCGCAACTGCTAGCGAGGTGTGTGCACCTATAGCTGGTGCTGTTTTGGCGACAGCAGCGGTTATTGTCGCAGCAGTTTTAGTGGGAAAGAGTTCGGGCTCGGCAACAAAGCGAGGGTTAACTAAGACTATTAGCGTACTGAATCATACCATAACATTCACCGATCATATACTCAATGGTCAGACGTTGTCTAATGGTACTGGTAGTAATTTTGTTACAATAGGATTCAGCGGGTATGCAGTACATGACACTATCAAACGTGACAGCACTACTGATATCAATTTCGTGGGATATACCACAGAGCATGGAACCCACATTAGCACGAGTAGCGTACATAATGTGAGCAGTCTCATCGATAAAATTGTGGCAGCGGTACCAGGGGTCCCTGATACAGGTGGTAATGCTTCTGCTCTATCGTTTCAGAAACGCAGTCAGGAGTTCGCTACCTCATGGATATCAATGACATATGATCAGAGTTATGGTGACCTTGCGCAAACGTGGCAAAATGACGAAGGCGGAGCAGGAAATTTTGATTCTTATGCGGAAGAGGAGTTACAGAATTTCTTTTCAGGTAATAGAGACTGGAAGTACTGCTTTGCTGCTGAGGACACGAAGAGTGGTGAGCCAATTGATTACGATGACATACCTGGTGACGGTCCAGGCACGGGTTCGGCATTCAAATCGGAGATATATTTCAACACTTACGGTGGTATAGATAATTATTGTAATGACGAGCATATCGGTGCTCAGAACACTGGAGATGGTCGATAAAGCTTTACGCCTGTCGGTGAATTGACTGACCCGAAATTAATAACTCGAA
AAN_3.re.fa,AAN_3-26273,KHR,GAAAGGCCACGGAAAAAAAAATCGATACAAATGAGCACACATCATAGTCATGGGCCACTTAGCGATCCTTTTCAGTATTATCGCTGTATGGAATATAGCTACAGCTGTTGCATCGAGCGACAGCATTTACCTTAAGGGACACAGAGTAGGACAGGATATCGACAGTCTATACAGAGTGTACGATAATGGTACTATGTACCCTGTCACTTTCAATGAGTGGTTAAATGATCTAACTGGGATGAATGACTTGGCAACAAATAACGCGACAATATTAAAACGTGACAGTAGCGATGTTTCTTGCGTTAATGAAACATGCCAATACGTGGATTACCACGTGGATGACGAAGGAGTTATAACTATAGACATATCTACGTATCGTATCCCTGTCGAATGGGATAATGGTTCTGCAGGCAACGCATCATATGGAGTCTCAAAGCGTGATACAAAATATGAGACATTCTGTAAGAAGAAAATATGCGGTATAAACGTTTCCGGTTTCTGTAACGCGTATGACTTCGCCGTTCCTGCGTTCGACTTCGGTGGCAATGTCTACAACCTTGTTAGTGGTATCACTGATAGGATTAAAGAAGCTACGAAGAGGGATAAGACTGAATGTCTAGGTTACGAACTAGATCATGTGAGAATAGATCCTGCTGTTGATTGGTCCATATTTATTTCTACTTGGAAACAAGGGTCGGCCAATTGTGACACACAGGCATCTGCTGACAGCTTGAAATGTGCTGCCCAAAAAGCACTTGAAAGTGAACACAATCACCAAAAAACAGCTTTCTGTATTCACCTAGATAATGGTGGATCATTTAACTTAGACATTAGGCTAATATCTGAGCTTTCATTTTCGAAATATAACCCATGGGCTCTTCCATGTCCGAAGGACAAAGGCTCCAATTCTTGGCAAGTTGTGAGCGACTGTTTTCAATAAATTAAACAAATTCAAGCTCTATTACATTATCAATCTGTTGGAATAAAATT
AAN_3.re.fa,AAN_3-26505,KHS,TCAACAGTTCTTAATTTCGGGTCAGTCAATTCAGCGACAGGCGTAAAGCTTTATCGACCATCCCCAGTGTTCTGAGCACCGATATGCTCGTCATTACAATAATTATCTATACCACCGTAAGTGTTAAAATATATCTCAGACTTGAATGCCGAACCCGTGCCTGCACCGTCACCAGGTATGTCATCGTAATCAAGTGGCTCACCGTTTTTCGTGTCCTCAGCAGCAAAGCAGTATTTCCAATCCCTATTACCTGAAAAGAAATTCTGTAACTCCTCTTCAGCATAAGAATCAAAATTTCCTGCTCCACCTTCGTCATTTTGCCAGTTCTGTGCCAGATCACCATAACTCTGATCATATGTCATTGATATCCATGAGGTAGCGAACTCTTGACTGCGTCTTTGTAACGATAGGGCCGAAGCGTTGCCACCTATATCAGGTACTCCTGGTACCGCTGCCACGATTTGATCGATGAGCATGCTCACATTATGTACGCTACTCGTGCTGATGTGGGTTCCATGCTCCGTAGTATACCCCACAAAGTTGAGCTCAGCAGCACCGTCACGTTTGATGGTGTCATGTACTGCATACCCACTAAACCCTATTGTAACAAAATTACTACTGGTACCATTAGACAATGTCTGCCCATTGAGTACATGATCAGTGAATGTTATAGTATGATTCAGTACACTAATAGTCTTACTTAACCCTCGCTTTGTTGCTGAGCCAGAACTCTTTCCCACTAAGACTGCTGCAACTATAACTGCTGACGTTGCTAAAACAGCACCAGCTATAGGTGAACATACTCCGCCAGTGGATGCGATACAGATTGCTGCGACCCAGTAAGGAGTAGCATAAGCGGCTGCAGCAATTACAAATCCTCCTAG
AAN_3.re.fa,AAN_3-26625,KHS,TATCGTAATCCCAAATAATGTATGTAGAATAGAAAAAAATATATGAAAAAATGAATAGATCATACACAGACGACATGAATAGCAGCTCTCCAAATTACCTGACAACAAGGACGTTTAGAATCTTTAGATTGTTTGCAATAATTTTTGCACTGCTTTTGATAGCGTACTCTTTATTTCTGAGCACTCTAAAAACAGGCTCTATACCTGATCGTGCCAACACTGTTACTTTAATGCGCCGTGCCAGGTGGTCATTTGGGACTGGATTAGGACTAGGAGGATTTGTAATTGCTGCAGCCGCTTATGCTACTCCTTACTGGGTCGCAGCAATCTGTCTCGCAACTGCTAGCGAGGTGTGTGCACCTATAGCTGGTGCTGTTTTGGCGACAGCAGCGGTTATTGTCGCAGCAGTTTTAGTGGGAAAGAGTTCGGGCTCGGCAACAAAGCGAGGGTTAACTAAGACTATTAGCGTACTGAATCATACCATAACATTCACCGATCATATACTCAATGGTCAGACGTTGTCTAATGGTACTGGTAGTAATTTTGTTACAATAGGATTCAGCGGGTATGCAGTACATGACACTATCAAACGTGACAGCACTACTGATATCAATTTCGTGGGATATACCACAGAGCATGGAACCCACATTAGCACGAGTAGCGTACATAATGTGAGCAGTCTCATCGATAAAATTGTGGCAGCGGTACCAGGGGTCCCTGATACAGGTGGTAATGCTTCTGCTCTATCGTTTCAGAAACGCAGTCAGGAGTTCGCTACCTCATGGATATCAATGACATATGATCAGAGTTATGGTGACCTTGCGCAAACGTGGCAAAATGACGAAGGCGGAGCAGGAAATTTTGATTCTTATGCGGAAGAGGAGTTACAGAATTTCTTTTCAGGTAATAGAGACTGGAAGTACTGCTTTGCTGCTGAGGACACGAAGAGTGGTGAGCCAATTGATTACGATGACATACCTGGTGACGGTCCAGGCACGGGTTCGGCATTCAAATCGGAGATATATTTCAACACTTACGGTGGTATAGATAATTATTGTAATGACGAGCATATCGGTGCTCAGAACACTGGAGATGGTCGATAAAGCTTTACGCCTGTCGGTGAATTGACTGACCCGAAATTAATAACTCGAA
AAP_3.re.fa,AAP_3-23474,KHS,ATCGTAATCCCAAATAATTTATTTAGAATAGAAAAAATATATATGAAAAAATGAATAAATCATACACAGATGACATGAATAGCAGCTCCCCAAATTACTTGACAACAAGGACGTTTAGAATCGTTAGATTGTTTGCAATAATTTTTGCACTGCTTTTGGTAGCGTACTCATTATTTTTAAGCACCCTTAAAACTGGGGCTATACCTGACCACACCAGCACTGCTGCTCTAGTACGGCGGGCTAGGTGGTCATTTGCGACTGGATTAGGACTAGGAGGATTTGTAATTGCTGCAGCCGCTTATGCTACTCCTTACTGGGTCGCAGCAATCTGTATCGCATCCACTGGCGGAGTATGTTCACCTATAGCTGGTGCTGTTTTAGCAACGTCAGCAGTTATAGTTGCAGCAGTCTTAGTGGGAAAGAGTTCTGGCTCAGCAACAAAGCGAGGGTTAAGTAAGACTATTAGTGTACTGAATCATACTATAACATTCACTGATCATGTACTCAATGGGCAGACATTGTCTAATGGTACCAGTAGTAATTTTGTTACAATAGGGTTTAGTGGGTATGCAGTACATGACACCATCAAACGTGACGGTGCTGCTGAGCTCAACTTTGTGGGGTATACTACGGAGCATGGAACCCACATCAGCACGAGTAGCGTACATAATGTGAGCATGCTCATCGATCAAATCGTGGCAGCGGTACCAGGAGTACCTGATATAGGTGGCAACGCTTCGGCCCTATCGTTACAAAGACGCAGTCAAGAGTTCGCTACCTCATGGATATCAATGACATATGATCAGAGTTATGGTGATCTGGCACAGAACTGGCAAAATGACGAAGGTGGAGCAGGAAATTTTGATTCTTATGCTGAAGAGGAGTTACAGAATTTCTTTTCAGGTAATAGGGATTGGAAATACTGCTTTGCTGCTGAGGACACGAAAAACGGTGAGCCACTTGATTACGATGACATACCTGGTGACGGTGCAGGCACGGGTTCGGCATTCAAGTCTGAGATATATTTTAACACTTACGGTGGTATAGATAATTATTGTAATGACGAGCATATCGGTGCTCAGAACACTGGGGATGGTCGATAAAGCTTTACGCCTGTCGCTGAATTGACTGACCCGAAATTAAGAACTGTTG
AAP_3.re.fa,AAP_3-23866,KHR,TGAAAGGCCACGGAAAAAAAAATCGATACAAATGAGCACACATCATAGTCATGGGCCACTTAGCGATCCTTTTCAGTATTATCGCTGTATGGAATATAGCTACAGCTGTTGCATCGAGCGACAGCATTTACCTTAAGGGACACAGAGTAGGACAGGATATCGACAGTCTATACAGAGTGTACGATAATGGTACTATGTACCCTGTCACTTTCAATGAGTGGTTAAATGATCTAACTGGGATGAATGACTTGGCAACAAATAACGCGACAATATTAAAACGTGACAGTAGCGATGTTTCTTGCGTTAATGAAACATGCCAATACGTGGATTACCACGTGGATGACGAAGGAGTTATAACTATAGACATATCTACGTATCGTATCCCTGTCGAATGGGATAATGGTTCTGCAGGCAACGCATCATATGGAGTCTCAAAGCGTGATACAAAATATGAGACATTCTGTAAGAAGAAAATATGCGGTATAAACGTTTCCGGTTTCTGTAACGCGTATGACTTCGCCGTTCCTGCTTTCGACTTCGGTGGCAATGTCTACAACCTTGTTAGTGGTATCACTGATAGGATTAAAGAAGCTACGAAGAGGGATAAGACTGAATGTCTAGGTTACGAACTAGATCATGTGAGAATAGATCCTGCTGTTGATTGGTCCATATTTATTTCTACTTGGAAACAAGGGTCGGCCAATTGTGACACACAGGCATCTGCTGACAGCTTGAAATGTGCTGCCCAAAAAGCACTTGAAAGTGAACACAATCACCAAAAAACAGCTTTCTGTATTCACCTAGATAATGGTGGATCATTTAACTTAGACATTAGGCTAATATCTGAGCTTTCATTTTCGAAATATAACCCATGGGCTCTTCCATGTCCGAAGGACAAAGGCTCCAATTCTTGGCAAGTTGTGAGCGACTGTTTTCAATAAATTAAACAAATTCAAGCTCTATTACATTATCAATCTGTTGGAATAAAAT
AAQ_3.re.fa,AAQ_3-7351,KHR,GAAAGGCCACGGAAAAAAAAATCGATACAAATGAGCACACATCATAGTCATGGGCCACTTAGCGATCCTTTTCAGTATTATCGCTGTATGGAATATAGCTACAGCTGTTGCATCGAGCGACAGCATTTACCTTAAGGGACACAGAGTAGGACAGGATATCGACAGTCTATACAGAGTGTACGATAATGGTACTATGTACCCTGTCACTTTCAATGAGTGGTTAAATGATCTAACTGGGATGAATGACTTGGCAACAAATAACGCGACAATATTAAAACGTGACAGTAGCGATGTTTCTTGCGTTAATGAAACATGCCAATACGTGGATTACCACGTGGATGACGAAGGAGTTATAACTATAGACATATCTACGTATCGTATCCCTGTCGAATGGGATAATGGTTCTGCAGGCAACGCATCATATGGAGTCTCAAAGCGTGATACAAAATATGAGACATTCTGTAAGAAGAAAATATGCGGTATAAACGTTTCCGGTTTCTGTAACGCGTATGACTTCGCCGTTCCTGCTTTCGACTTCGGTGGCAATGTCTACAATCTTGTTAGTGGTATCACTGATAGGATTAAAGAAGCTACGAAGAGGGATAAGACTGAATGTCTAGGTTACGAACTAGATCATGTGAGAATAGATCCTGCTGTTGATTGGTCCATATTTATTTCTACTTGGAAACAAGGGTCGGCCAATTGTGACACACAGGCATCTGCTGACAGCTTGAAATGTGCTGCCCAAAAAGCACTTGAAAGTGAACACAATCACCAAAAAACAGCTTTCTGTATTCACCTAGATAATGGTGGATCATTTAACTTAGACATTAGGCTAATATCTGAGCTTTCATTTTCGAAATATAACCCATGGGCTCTTCCATGTCCGAAGGACAAAGGCTCCAATTCTTGGCAAGTTGTGAGCGACTGTTTTCAATAAATTAAACAAATTCAAGCTCTATTACATTATCAATCTGTTGGAATAAAATT
AAQ_3.re.fa,AAQ_3-7459,KHS,ATCGTAATCCCAAATAATGTATGTAGAATAGAAAAAAATATATGAAAAAATGAATAGATCATACACAGACGACATGAATAGCAGCTCTCCAAATTACCTGACAACAAGGACGTTTAGAATCTTTAGATTGTTTGCAATAATTTTTGCACTGCTTTTGATAGCGTACTCTTTATTTCTGAGCACTCTAAAAACAGGCTCTATACCTGATCGTGCCAACACTGTTACTTTAATGCGCCGTGCCAGGTGGTCATTTGGGACTGGATTAGGACTAGGAGGATTTGTAATTGCTGCAGCCGCTTATGCTACTCCTTACTGGGTCGCAGCAATCTGTCTCGCAACTGCTAGCGAGGTGTGTGCACCTATAGCTGGTGCTGTTTTGGCGACAGCAGCGGTTATTGTCGCAGCAGTTTTAGTGGGAAAGAGTTCGGGCTCGGCAACAAAGCGAGGGTTAACTAAGACTATTAGCGTACTGAATCATACCATAACATTCACCGATCATATACTCAATGGTCAGACGTTGTCTAATGGTACTGGTAGTAATTTTGTTACAATAGGATTCAGCGGGTATGCAGTACATGACACTATCAAACGTGACAGCACTACTGATATCAATTTCGTGGGATATACCACAGAGCATGGAACCCACATTAGCACGAGTAGCGTACATAATGTGAGCAGTCTCATCGATAAAATTGTGGCAGCGGTACCAGGGGTCCCTGATACAGGTGGTAATGCTTCTGCTCTATCGTTTCAGAAACGCAGTCAGGAGTTCGCTACCTCATGGATATCAATGACATATGATCAGAGTTATGGTGACCTTGCGCAAACGTGGCAAAATGACGAAGGCGGAGCAGGAAATTTTGATTCTTATGCGGAAGAGGAGTTACAGAATTTCTTTTCAGGTAATAGAGACTGGAAGTACTGCTTTGCTGCTGAGGACACGAAGAGTGGTGAGCCAATTGATTACGATGACATACCTGGTGACGGTCCAGGCACGGGTTCGGCATTCAAATCGGAGATATATTTCAACACTTACGGTGGTATAGATAATTATTGTAATGACGAGCATATCGGTGCTCAGAACACTGGAGATGGTCGATAAAGCTTTACGCCTGTCGGTGAATTGACTGACCCGAAATTAATAACTCGAAT
AAR_3.re.fa,AAR_3-7647,KHS,TATCGTAATCCCAAATAATGTATGTAGAATAGAAAAAAATATATGAAAAAATGAATAGATCATACACAGACGACATGAATAGCAGCTCTCCAAATTACCTGACAACAAGGACGTTTAGAATCTTTAGATTGTTTGCAATAATTTTTGCACTGCTTTTGATAGCGTACTCTTTATTTCTGAGCACTCTAAAAACAGGCTCTATACCTGATCGTGCCAACACTGTTACTTTAATGCGCCGTGCCAGGTGGTCATTTGGGACTGGATTAGGACTAGGAGGATTTGTAATTGCTGCAGCCGCTTATGCTACTCCTTACTGGGTCGCAGCAATCTGTCTCGCAACTGCTAGCGAGGTGTGTGCACCTATAGCTGGTGCTGTTTTGGCGACAGCAGCGGTTATTGTCGCAGCAGTTTTAGTGGGAAAGAGTTCGGGCTCGGCAACAAAGCGAGGGTTAACTAAGACTATTAGCGTACTGAATCATACCATAACATTCACCGATCATATACTCAATGGTCAGACGTTGTCTAATGGTACTGGTAGTAATTTTGTTACAATAGGATTCAGCGGGTATGCAGTACATGACACTATCAAACGTGACAGCACTACTGATATCAATTTCGTGGGATATACCACAGAGCATGGAACCCACATTAGCACGAGTAGCGTACATAATGTGAGCAGTCTCATCGATAAAATTGTGGCAGCGGTACCAGGGGTCCCTGATACAGGTGGTAATGCTTCTGCTCTATCGTTTCAGAAACGCAGTCAGGAGTTCGCTACCTCATGGATATCAATGACATATGATCAGAGTTATGGTGACCTTGCGCAAACGTGGCAAAATGACGAAGGCGGAGCAGGAAATTTTGATTCTTATGCGGAAGAGGAGTTACAGAATTTCTTTTCAGGTAATAGAGACTGGAAGTACTGCTTTGCTGCTGAGGACACGAAGAGTGGTGAGCCAATTGATTACGATGACATACCTGGTGACGGTCCAGGCACGGGTTCGGCATTCAAATCGGAGATATATTTCAACACTTACGGTGGTATAGATAATTATTGTAATGACGAGCATATCGGTGCTCAGAACACTGGAGATGGTCGATAAAGCTTTACGCCTGTCGGTGAATTGACTGACCCGAAATTAATAACTCGAA
CRK_2.re.fa,CRK_2-9767,KHR,GAAAGGCCACGGAAAAAAAAATCGATACAAATGAGCACACATCATAGTCATGGGCCACTTAGCGATCCTTTTCAGTATTATCGCTGTATGGAATATAGCTACAGCTGTTGCATCGAGCGACAGCATTTACCTTAAGGGACACAGAGTAGGACAGGATATCGACAGTCTATACAGAGTGTACGATAATGGTACTATGTACCCTGTCACTTTCAATGAGTGGTTAAATGATCTAACTGGGATGGATGACTTGGCAACAAATAACGCGACAATATTAAAACGTGACAGTAGCGATGTTTCTTGCGTTAATGAAACATGCCAATACGTGGATTACCACGTGGATGACGAAGGAGTTATAACTATAGACATATCTACGTATCGTATCCCTGTCGAATGGGATAATGGTTCTGCAGGCAACGCATCATATGGAGTCTCAAAGCGTGATACAAAATATGAGACATTCTGTAAGAAGAAAATATGCGGTATAAACGTTTCCGGTTTCTGTAACGCGTATGACTTCGCCGTTCCTGCTTTCGACTTCGGTGGCAATGTCTACAACCTTGTTAGTGGTATCACTGATAGGATTAAAGAAGCTACGAAGAGGGATAAGACTGAATGTCTAGGTTACGAACTAGATCATGTGAGAATAGATCCTGCTGTTGATTGGTCCATATTTATTTCTACTTGGAAACAAGGGTCGGCCAATTGTGACACACAGGCATCTGCTGACAGCTTGAAATGTGCTGCCCAAAAAGCACTTGAAAGTGAACACAATCACCAAAAAACAGCTTTCTGTATTCACCTAGATAATGGTGGATCATTTAACTTAGACATTAGGCTAATATCTGAGCTTTCATTTTCGAAATATAACCCATGGGCTCTTCCATGTCCGAAGGACAAAGGCTCCAATTCTTGGCAAGTTGTGAGCGACTGTTTTCAATAAATTAAACAAATTCAAGCTCTATTACATTATCAATCTGTTGGAATAAAATT
CRK_2.re.fa,CRK_2-9822,KHS,ATCGTAATCCCAAATAATGTATGTAGAATAGAAAAAAATATATGAAAAAATGAATAGATCATACACAGACGACATGAATAGCAGCTCTCCAAATTACCTGACAACAAGGACGTTTAGAATCTTTAGATTGTTTGCAATAATTTTTGCACTGCTTTTGATAGCGTACTCTTTATTTCTGAGCACTCTAAAAACAGGCTCTATACCTGATCGTGCCAACACTGTTACTTTAATGCGCCGTGCCAGGTGGTCATTTGGGACTGGATTAGGACTAGGAGGATTTGTAATTGCTGCAGCCGCTTATGCTACTCCTTACTGGGTCGCAGCAATCTGTCTCGCAACTGCTAGCGAGGTGTGTGCACCTATAGCTGGTGCTGTTTTGGCGACAGCAGCGGTTATTGTCGCAGCAGTTTTAGTGGGAAAGAGTTCGGGCTCGGCAACAAAGCGAGGGTTAACTAAGACTATTAGCGTACTGAATCATACCATAACATTCACCGATCATATACTCAATGGTCAGACGTTGTCTAATGGTACTGGTAGTAATTTTGTTACAATAGGATTCAGCGGGTATGCAGTACATGACACTATCAAACGTGACAGCACTACTGATATCAATTTCGTGGGATATACCACAGAGCATGGAACCCACATTAGCACGAGTAGCGTACATAATGTGAGCAGTCTCATCGATAAAATTGTGGCAGCGGTACCAGGGGTCCCTGATACAGGTGGTAATGCTTCTGCTCTATCGTTTCAGAAACGCAGTCAGGAGTTCGCTACCTCATGGATATCAATGACATATGATCAGAGTTATGGTGACCTTGCGCAAACGTGGCAAAATGACGAAGGCGGAGCAGGAAATTTTGATTCTTATGCGGAAGAGGAGTTACAGAATTTCTTTTCAGGTAATAGAGACTGGAAGTACTGCTTTGCTGCTGAGGACACGAAGAGTGGTGAGCCAATTGATTACGATGACATACCTGGTGACGGTCCAGGCACGGGTTCGGCATTCAAATCGGAGATATATTTCAACACTTACGGTGGTATAGATAATTATTGTAATGACGAGCATATCGGTGCTCAGAACACTGGAGATGGTCGATAAAGCTTTACGCCTGTCGGTGAATTGACTGACCCGAAATTAATAACTCGAAT
CRL_.re.fa,CRL_1_AB3AC.IND41b-8860,KHS,TATCGTAATCCCAAATAATGTATGTAGAATAGAAAAAAATATATGAAAAAATGAATAGATCATACACAGACGACATGAATAGCAGCTCTCCAAATTACCTGACAACAAGGACGTTTAGAATCTTTAGATTGTTTGCAATAATTTTTGCACTGCTTTTGATAGCGTACTCTTTATTTCTGAGCACTCTAAAAACAGGCTCTATACCTGATCGTGCCAACACTGTTACTTTAATGCGCCGTGCCAGGTGGTCATTTGGGACTGGATTAGGACTAGGAGGATTTGTAATTGCTGCAGCCGCTTATGCTACTCCTTACTGGGTCGCAGCAATCTGTCTCGCAACTGCTAGCGAGGTGTGTGCACCTATAGCTGGTGCTGTTTTGGCGACAGCAGCGGTTATTGTCGCAGCAGTTTTAGTGGGAAAGAGTTCGGGCTCGGCAACAAAGCGAGGGTTAACTAAGACTATTAGCGTACTGAATCATACCATAACATTCACCGATCATATACTCAATGGTCAGACGTTGTCTAATGGTACTGGTAGTAATTTTGTTACAATAGGATTCAGCGGGTATGCAGTACATGACACTATCAAACGTGACAGCACTACTGATATCAATTTCGTGGGATATACCACAGAGCATGGAACCCACATTAGCACGAGTAGCGTACATAATGTGAGCAGTCTCATCGATAAAATTGTGGCAGCGGTACCAGGGGTCCCTGATACAGGTGGTAATGCTTCTGCTCTATCGTTTCAGAAACGCAGTCAGGAGTTCGCTACCTCATGGATATCAATGACATATGATCAGAGTTATGGTGACCTTGCGCAAACGTGGCAAAATGACGAAGGCGGAGCAGGAAATTTTGATTCTTATGCGGAAGAGGAGTTACAGAATTTCTTTTCAGGTAATAGAGACTGGAAGTACTGCTTTGCTGCTGAGGACACGAAGAGTGGTGAGCCAATTGATTACGATGACATACCTGGTGACGGTCCAGGCACGGGTTCGGCATTCAAATCGGAGATATATTTCAACACTTACGGTGGTATAGATAATTATTGTAATGACGAGCATATCGGTGCTCAGAACACTGGAGATGGTCGATAAAGCTTTACGCCTGTCGGTGAATTGACTGACCCGAAATTAATAACTCGAA
CRL_.re.fa,CRL_1_AB3AC.IND41b-8964,KHR,TGAAAGGCCACGGAAAAAAAAATCGATACAAATGAGCACACATCATAGTCATGGGCCACTTAGCGATCCTTTTCAGTATTATCGCTGTATGGAATATAGCTACAGCTGTTGCATCGAGCGACAGCATTTACCTTAAGGGACACAGAGTAGGACAGGATATCGACAGTCTATACAGAGTGTACGATAATGGTACTATGTACCCTGTCACTTTCAATGAGTGGTTAAATGATCTAACTGGGATGAATGACTTGGCAACAAATAACGCGACAATATTAAAACGTGACAGTAGCGATGTTTCTTGCGTTAATGAAACATGCCAATACGTGGATTACCACGTGGATGACGAAGGAGTTATAACTATAGACATATCTACGTATCGTATCCCTGTCGAATGGGATAATGGTTCTGCAGGCAACGCATCATATGGAGTCTCAAAGCGTGATACAAAATATGAGACATTCTGTAAGAAGAAAATATGCGGTATAAACATTTCCGGTTTCTGTAACGCGTATGACTTCGCCGTTCCTGCTTTCGACTTCGGTGGCAATGTCTACAACCTTGTTAGTGGTATCACTGATAGGATTAAAGAAGCTACGAAGAGGGATAAGACTGAATGTCTAGGTTACGAACTAGATCATGTGAGAATAGATCCTGCTGTTGATTGGTCCATATTTATTTCTACTTGGAAACAAGGGTCGGCCAATTGTGACACACAGGCATCTGCTGACAGCTTGAAATGTGCTGCCCAAAAAGCACTTGAAAGTGAACACAATCACCAAAAAACAGCTTTCTGTATTCACCTAGATAATGGTGGATCATTTAACTTAGACATTAGGCTAATATCTGAGCTTTCATTTTCGAAATATAACCCATGGGCTCTTCCATGTCCGAAGGACAAAGGCTCCAATTCTTGGCAAGTTGTGAGCGACTGTTTTCAATAAATTAAACAAATTCAAGCTCTATTACATTATCAATCTGTTGGAATAAAAT
GAL.re.fa,GAL-5782,KHR,TGAAAGGCCACGGAAAAAAAAATCGATACAAATGAGCACACATCATAGTCATGGGCCACTTAGCGATCCTTTTCAGTATTATCGCTGTATGGAATATAGCTACAGCTGTTGCATCGAGCGACAGCATTTACCTTAAGGGACACAGAGTAGGACAGGATATCGACAGTCTATACAGAGTGTACGATAATGGTACTATGTACCCTGTCACTTTCAATGAGTGGTTAAATGATCTAACTGGGATGAATGACTTGGCAACAAATAACGCGACAATATTAAAACGTGACAGTAGCGATGTTTCTTGCGTTAATGAAACATGCCAATACGTGGATTACCACGTGGATGACGAAGGAGTTATAACTATAGACATATCTACGTATCGTATCCCTGTCGAATGGGATAATGGTTCTGCAGGCAACGCATCATATGGAGTCTCAAAGCGTGATACAAAATATGAGACATTCTGTAAGAAGAAAATATGCGGTATAAACGTTTCCGGTTTCTGTAACGCGTATGACTTCGCCGTTCCTGCTTTCGACTTCGGTGGCAATGTCTACAACCTTGTTAGTGGTATCACTGATAGGATTAAAGAAGCTACGAAGAGGGATAAGACTGAATGTCTAGGTTACGAACTAGATCATGTGAGAATAGATCCTGCTGTTGATTGGTCCATATTTATTTCTACTTGGAAACAAGGGTCGGCCAATTGTGACACACAGGCATCTGCTGACAGCTTGAAATGTGCTGCCCAAAAAGCACTTGAAAGTGAACACAATCACCAAAAAACAGCTTTCTGTATTCACCTAGATAATGGTGGATCATTTAACTTAGACATTAGGCTAATATCTGAGCTTTCATTTTCGAAATATAACCCATGGGCTCTTCCATGTCCGAAGGACAAAGGCTCCAATTCTTGGCAAGTTGTGAGCGACTGTTTTCAATAAATTAAACAAATTCAAGCTCTATTACATTATCAATCTGTTGGAATAAAAT
GAL.re.fa,GAL-5966,KHS,TATCGTAATCCCAAATAATGTATGTAGAATAGAAAAAAATATATGAAAAAATGAATAGATCATACACAGACGACATGAATAGCAGCCCTCCAAATTACTTGACAACAAGGACGTTTAGAATCGTTAGATTGTTTGCAATAATTTTTGCACTGCTTTTGGTAGCGTACTCATTATTTTTAAGCACCCTTAAAACTGGGGCTATACCTGACCACACCAGCACTGCTGCTCTAGTACGGCGGGCTAGGTGGTCATTTGCGACTGGATTAGGACTAGGAGGATTTGTAATTGCTGCAGCCGCTTATGCTACTCCTTACTGGGTCGCAGCAATCTGTATCGCATCCACTGGCGGAGTATGTTCACCTATAGCTGGTGCTGTTTTAGCAACGTCAACAGTTATAGTTGCAGCAGTCTTAGTGGGAAAGAGTTCTGGCTCAGCAACAAAGCGAGGGTTGAGTAAGACTATTAGTGTACTGAATCATACTATAACATTCACTGATCATGTACTCAATGGGCAGACATTGTCTAATGGTACCAGTAGTAATTTTGTTACAATAGGGTTTAGTGGGTATGCAGTACATGACACCATCAAACGTGACGGTGCTGCTGAGCTCAACTTTGTGGGGTATACTACGGAGCATGGAACCCACATCAGCACGAGTAGCGTACATAATGTGAGCATGCTCATCGATCAAATCGTGGCAGCGGTACCAGGAGTACCTGATATAGGTGGCAACGCTTCGGCCCTATCTTTACAAAGACGCAGTCAAGAGTTCGCTACCTCATGGATATCAATGACATATGATCAGAGTTATGGTGATCTGGCACAGAACTGGCAAAATGACGAAGGTGGAGCAGGAAATTTTGATTCTTATGCTGAAGAGGAGTTACAGAATTTCTTTTCAGATAATAGGGATTGGAAATACTGCTTTGCTGCTGAGGACACGAAAAACGGTGAGCCACTTGATTACGATGACATACCTGGTGACGGTGCAGGCACGGGTTCGGCATTCAAGTCTGAGATATATTTTAACACTTACGGTGGTATAGATAATTATTGTAATGACGAGCATATCGGTGCTCAGAACACTGGGGATGGTCGATAAAGCTTTACGCCTGTCGCTGAATTGACTGACCCGAAATTAAGAACTGTTG
