"gene","mutation_type","best_aaseq","num_hits"
"KHR","truncated","MGHLAGSFSVLSLYGI",9
"KHR","truncated","MGHLAGYFSVLSLYGI",9
"KHR","truncated","MGHLAILFSIIAVWNIATAVASSDSIYLKGHRVGQDIDSLYRVYDNGTM",1
"KHR","mutant","MGHLAILFSIIAVWNIATAVASSDSIYLKGHRVGQDIDSLYRVYDNGTMYPVTFNEWLNDLTGMDDLATNNATILKRDSSDVSCVNETCQYVDYHVDDEGVINIDISTYRIPVEWDNGSAGNASYGVSKRDTKYETFCKKKICGINVSGFCNAYDFAVPAFDFGGNVYNLVSGITDRIKEATKRDKTECLGYELDHVRIDPAVDWSIFISTWKQGSANCDTQASADSLKCAAQKALESEHNHQKTAFCIHLDNGGSFNLDIRLISELSFSKYNPWALPCPKDKGSNSWQVVSDCFQ",1
"KHR","mutant","MGHLAILFSIIAVWNIATAVASSDSIYLKGHRVGQDIDSLYRVYDNGTMYPVTFNEWLNDLTGMDDLATNNATILKRDSSDVSCVNETCQYVDYHVDDEGVITIDISTYRIPVEWDNGSAGNASYGVSKRDTKYETFCKKKICGINVSGFCNAYDFAVPAFDFGGNVYNLVSGITDRIKEATKRDKTECLGYELDHVRIDPAVDWSIFISTWKQGSANCDTQASADSLKCAAQKALESEHNHQKTAFCIHLDNGGSFNLDIRLISELSFSKYNPWALPCPKDKGSNSWQVVSDCFQ",5
"KHR","mutant","MGHLAILFSIIAVWNIATAVASSDSIYLKGHRVGQDIDSLYRVYDNGTMYPVTFNEWLNDLTGMDDLATNNATILKRDSSDVSCVNETCQYVDYHVDDEGVITIDISTYRIPVEWDNGSAGNASYGVSKRDTKYETFCKKKICGINVSGFCNAYDFAVPAFDFGGNVYNLVSGITDRIKEVTKRDKTECLGYELDHVRIDPAVDWSIFISTWKQGSANCDTQASADSLKCAAQKALESEHNHQKTAFCIHLDNGGSFNLDIRLISELSFSKYNPWALPCPKDKGSNSWQVVSDCFQ",2
"KHR","mutant","MGHLAILFSIIAVWNIATAVASSDSIYLKGHRVGQDIDSLYRVYDNGTMYPVTFNEWLNDLTGMNDLATNNATILKRDSSDVSCVNETCQYVDYHVDDEGVITIDISTYRIPVEWDNGSADNASYGVSKRDTKYETFCKKKICGINVSGFCNAYDFAVPAFDFGGNVYSLASDIIDRIKGATKRDKTECLRYELDHVRIDPAVDWSIFISTWKQGPANYDTQASADSLKCAAQKALESEHNHQKTAFCIHLDNGGSFNLDIRLISELSFSKYNPWALPCPKDKDSNSWQVVSDCFQ",1
"KHR","mutant","MGHLAILFSIIAVWNIATAVASSDSIYLKGHRVGQDIDSLYRVYDNGTMYPVTFNEWLNDLTGMNDLATNNATILKRDSSDVSCVNETCQYVDYHVDDEGVITIDISTYRIPVEWDNGSAGNASYGVSKRDTKYETFCKKKICGINISGFCNAYDFAVPAFDFGGNVYNLVSGITDRIKEATKRDKTECLGYELDHVRIDPAVDWSIFISTWKQGSANCDTQASADSLKCAAQKALESEHNHQKTAFCIHLDNGGSFNLDIRLISELSFSKYNPWALPCPKDKGSNSWQVVSDCFQ",6
"KHR","mutant","MGHLAILFSIIAVWNIATAVASSDSIYLKGHRVGQDIDSLYRVYDNGTMYPVTFNEWLNDLTGMNDLATNNATILKRDSSDVSCVNETCQYVDYHVDDEGVITIDISTYRIPVEWDNGSAGNASYGVSKRDTKYETFCKKKICGINVSGFCNAYDFAVPAFDFGGNAYNLVSGITDRIKEATKRDKTECLGYELDHVRIDPAVDWSIFISTWKQGSANCDTQASADSLKCAAQKALESEHNHQKTAFCIHLDNGGSFNLDIRLISELSFSKYNPWALPCPKDKGSNSWQVVSDCFQ",2
"KHR","mutant","MGHLAILFSIIAVWNIATAVASSDSIYLKGHRVGQDIDSLYRVYDNGTMYPVTFNEWLNDLTGMNDLATNNATILKRDSSDVSCVNETCQYVDYHVDDEGVITIDISTYRIPVEWDNGSAGNASYGVSKRDTKYETFCKKKICGINVSGFCNAYDFAVPAFDFGGNVYNLVSGITDRIKEATKRDKTECLGYELDHVRIDPAVDWSIFISTWKQGSANCDTQASADSLKCAAQKALESEHNHQKTAFCIHLDNGGSFNLDIRLISELSFSKYNPWALPCPKDKGSNSWQVVSDCFQ",20
"KHR","mutant","MGHLAILFSIIAVWNIATAVASSDSIYLKGHRVGQDIDSLYRVYDNGTMYPVTFNEWLNDLTGMNDLATNNATILKRDSSDVSCVNETCQYVDYHVDDEGVITIDISTYRIPVEWDNGSAGNASYGVSKRDTKYETFCKKKICGINVSGFCNAYDFAVPAFDFGGNVYSLASDIIDRIKEATKRDKTECLGYELDHVRIDPAVDWSIFISTWKQGSANCDTQASADSLKCAAQKALESEHNHQKTAFCIHLDNGGSFNLDIRLISELSFSKYNPWALPCPKDKGSNSWQVVSDCFQ",1
"KHR","mutant","MGHLAILFSIIAVWNIATAVASSDSIYLKGHRVGQDIDSLYRVYDNGTMYPVTFNEWLNDLTGMNDLATNNATILKRDSSDVSCVNETCQYVDYHVDDEGVITIDISTYRIPVEWDNGSAGNASYGVSKRDTKYETFCKKKICGINVSGFCNAYDFAVPAFDFGGNVYSLASDIIDRIKGATKRDKTECLGYELDHVRIDPAVDWSIFISTWKQGPANYDTQASADSLKCAAQKALESEHNHQKTAFCIHLDNGGSFNLDIRLISELSFSKYNPWALPCPKDKDSNSWQVVSDCFQ",1
"KHR","mutant","MGHLAILFSIIAVWNIATAVASSDSIYLKGHRVGQDIDSLYRVYDNGTMYPVTFNEWLNDLTGMNDLATNNATILKRDSSDVSCVNETCQYVDYHVDDEGVITIDISTYRIPVEWDNGSAGNASYGVSKRDTKYETFCKKKICGINVSGFCNAYDFAVPAFDFGGNVYSLASDIIDRIKGATKRDKTECLRYELDHVRIDPAVDWSIFISTWKQGPANYDTQASADNLKCAAQKALESEHNHQKTAFCIHLDNGGSFNLDIRLISELSFSKYNPWALPCPKDKDSNSWQVVSDCFQ",1
"KHR","mutant","MGHLAILFSIIAVWNIATAVASSDSIYLKGHRVGQDIDSLYRVYDNGTMYPVTFNEWLNDLTGMNDLATNNATILKRDSSDVSCVNETCQYVDYHVDDEGVITIDISTYRIPVEWDNGSAGNASYGVSKRDTKYETFCKKKICGINVSGFCNAYDFAVPAFDFGGNVYSLASDIIDRIKGATKRDKTECLRYELDHVRIDPAVDWSIFISTWKQGPANYDTQASADSLKCAAQKALESEHNHQKTAFCIHLDNGGSFNLDIRLISELSFSKYNPWALPCPKDKDSNSWQVVSDCFQ",1
"KHR","mutant","MGHLAILFSIIAVWNIATAVASSDSIYLKGHRVGQDIDSLYRVYDNGTMYPVTFNEWLNDLTGMNDLATNNATILKRDSSDVSCVNETCQYVDYHVDDEGVITIDISTYRIPVEWDNGSAGNASYGVSKRDTKYETFCKKKICGINVSGFCNAYDFAVPAFDFGGNVYSLASDIIDRIKGTTKRDKTECLRYELDHVRIDPAVDWSIFISTWKQGPANYDTQASADSLKCAAQKALESEHNHQKTAFCIHLDNGGSFNLDIRLISELSFSKYNPWALPCPKDKDSNSWQVVSDCFQ",1
"KHR","mutant","MGHLAILFSIIAVWNIATAVASSDSIYLKGHRVGQDIDSLYRVYDNVTMYPVTFNEWLNDLTGMNDLATNNATILKRDSSDVSCVNETCQYVDYHVDDEGVITIDISTYRIPVEWDNGSAGNASYGVSKRDTKYETFCKKKICGINVSGFCNAYDFAVPAFDFGGNVYNLVSGITDRIKEATKRDKTECLGYELDHVRIDPAVDWSIFISTWKQGSANCDTQASADSLKCAAQKALESEHNHQKTAFCIHLDNGGSFNLDIRLISELSFSKYNPWALPCPKDKGSNSWQVVSDCFQ",5
